user_code,referrer_code
f97c6c37eeca,e5b4a1bb0e5e
52879656bb35,
2b633b15919b,840c5cb659b3
b362c0da9eec,
cf0671c1c7c4,95492a8fa47a
ff9ab5d2040b,
3818cfdea2b2,e5a4982cf9c6
aab0701de28a,5f8a14a1ef35
d605e76078e5,
91b78d9d7a68,
38c46b2011ff,
f1f7d91a2d05,
85609e892ac1,fc04ca6cd215
fb2ca03aff45,
d0b1e3eb5794,
98f3f641d6bc,fc04ca6cd215
af908e38e7ed,
d20938388f47,
0134e76e7738,
c2d49b470e93,f6bd80d1f87a
e18050823389,
fe2110d6607e,
74577d4a9f85,
c1a6422ff3a7,
b5578b06b570,979c30dfe998
7d592e093e22,
e5a4982cf9c6,ca6fbfe970d6
16b6bf7a4b0d,3ced4d0b1911
d49347f8fd9f,
d6ee527630d4,c2aef679789d
ca6a222ca05a,2408a6d82202
0ba078e70e7c,4882d735b3f6
390239dab6db,87623984133a
2f4dd21f69f7,e5a4982cf9c6
3002d823dd26,
bab503f4bbed,ea06f95ee445
d6d744ffbab6,382b5b926c11
840c5cb659b3,
3fde98010eeb,d53ae5666c5a
69b411860419,
2db69ed29430,
3a7e8e0d3df5,da509ff4f368
e506f67e9b79,e3b5636cccfa
ca6fbfe970d6,
613d2df23bb7,783086385f43
0e503fc552ab,293fc2644fa8
dfa59722543f,
c083b73e7043,
5071e5e06541,d6aa539745dd
b423ccc75d11,2cfa55a4224a
508211a08045,
0b1ec5765317,
f659f18e9bf7,2ed087c3a483
40066fee9e66,
7d824276cbfd,ddf275f515bb
d1846c33e529,5e187b23ad23
7ccc63d8cab4,5ae86d0a6723
a5e5a5a248ed,
4afcf9f31aa7,f26bceb82cd5
8b15bd90c737,1b780eddb5e6
e53f9659fe56,7aaf2012a1be
f633cc22bf52,
922fe1527053,
73c374b1ca5f,
516c3b0e7cfe,
5bcd2373903f,0f03733f6903
a5a1c8339b0e,a85894d5452c
690e7e700ee7,26c432ed36f8
3f8dcf893179,
c0e3beec7ac5,
92f5df69194e,7daa39e34865
4ebfa5d30a99,
5b11f50cae08,d38e13f68cf1
8ddce700a694,
48454358c0bc,3e9aec8178ae
5744f585097f,
d39e19848d33,
02493a1f00b2,1ea15b0caa76
991121f8b8a2,b40a919be92a
8578b1d4462e,723b80c51859
5260001bd3c6,
3ba5bd715456,c2aef679789d
6b2b78bee66c,
60452908f838,
82bbad97e638,ad6ecc54b21f
11536e9e8248,3defa856fe50
282c64702d9c,
533f5a6c305e,10d08d0409c2
d2efa92d078a,
f64e3dfbe9ce,52380be9221f
87ea7feb000f,
0c7031f3016d,417b6638ae13
066803f3d353,
e3bef3c28250,5ae86d0a6723
cdf974b1d581,2408a6d82202
17dded8dd1ee,
f81dbaa87b11,9261548c414c
0699872437bb,2cabd7e38484
52b444e51358,
8b60c50d9274,87623984133a
8e9442270716,
4024c424af8a,332cce088b16
cfa9026a9133,b7a1267a247e
6c006f65df22,56dc89199e74
ba22006d9580,
ce9ff56163f2,b2b9436d860e
b4258e030bbe,4e35da973b4b
936cd31905ef,
cc21cbcc6df5,382b5b926c11
90dbfadf4647,
878aaecbbe0d,
2a131c1dc1ec,a5e15b437fe6
8cd321a12c9f,
6057153f2025,5d8416f2ce43
bf780e36fcc8,
6ea05d0ca89c,
badcc3361365,f26b4762852d
0758e20fd15b,3e6dd59803e6
fc043f0e195f,
46d483e16928,
2a60c65713ee,29890885c97d
b8adad81a4b3,f791f1f4fa99
1689e0a42417,7d54ec992072
33cb203fdcb9,
49440518d2de,
ef40d17c9d70,
e0c1ff1a879b,a4704d425f8f
a33dc7a8dfbc,
1c612edac625,cb3cf8d3ee10
352b6ed605c4,
22bd339bbd3f,
17d30f331a01,cc4d5807e2ea
c51c91e7c8e4,
386ecbee5feb,a65ed3967141
3625fc24cec4,
87079acd65ab,
f6bd80d1f87a,02740f6f81ea
5dfb192e87d0,7c3cc2b69cae
7d1b69455a23,f6bd80d1f87a
c4db5a64556e,081fc6c92fd8
c5ab48d2de02,
37c3b3defae8,bb93cd42fb04
7490adf918bd,2444d30b2582
52d6b761e7e1,eb3537b9ad76
fc014a3874d6,
9330ba9a4ab4,
112fa602eb50,
a79fbfbf09e2,9261548c414c
2a935d6d0158,d605e76078e5
379ef47823ed,66fadcae0bfb
f10bce94960b,
fff96ac58b23,
b321bf2ce159,
ceed0fe0689d,
c28ebd61a6cd,c1a6422ff3a7
fac08fd37ce0,99bd625365ab
6232b166197a,
2ba6adb0c682,
d92c9223e22b,2d06e8d9bb44
6b9cd70bfb95,081fc6c92fd8
3fbbff4c5043,1246447161d4
7f95897dd84b,e9b5c5c3a179
2d007d1de2b1,88ffbd57a351
d77fbee8face,
47bf8dacbb6d,
c673f2eded77,89b8b7f11005
a97a285400be,6d779582cdd9
687a485e0cb9,19597b5aad9d
e71e43a591a1,f0bbac6c21f5
93a054641a97,
1851d1db3d68,
f3f81c374554,979c30dfe998
19db3acc29fe,4a15545f86ef
86ad8a83a303,3ce915f2d7e2
92ca524cf108,dcb33dea0497
bb01b2ba167a,d6bca712b94f
4a629c4b86e0,
04c4485c1cbe,05bf0607cc25
a2475404efd6,cc4d5807e2ea
8c6ea6a86942,b2c027f09522
1b66b5b7c1e0,b41b3149ae38
c1dd48462e60,ca6fbfe970d6
681134e3dd13,
4b1a268b7888,
88476c4facd2,bd44089af698
7e7e740ed8b4,c29d78384af9
c47fa575d494,
3dab160a96b0,282c64702d9c
44e9f8e40052,
10275b56e9d7,76f186bf62de
25c61c593c91,11906f5a8dde
0f9240fff46c,ddf275f515bb
b15948478fca,2f4dd21f69f7
b674411a44d5,508211a08045
175ba98f0a53,a281405a0e4b
d54e7950fe3a,039a8edc8b50
9c3eb2d561cc,3e6dd59803e6
81d670143648,
f8dfcc26c7cd,
dea45c0774b9,11906f5a8dde
4148bd002e3e,609010214ce0
b6dd6242b2d3,
7bb3860369b4,
b31022e83325,
4ce1eb903a58,5487fd53f0e3
4d38e4069302,c0cef31bfbe1
41a64ff7ea32,
d9acd155e573,a092f527c56c
836435ed4b28,cf0671c1c7c4
ff4d093a5271,
79e546eef33f,075072c11ffd
d9f48bb80888,ccb685722742
48d9084e8a07,1b780eddb5e6
fb4f1971de01,b38a3db129ce
fb3df061783f,8085c1558be2
a2224f89b0ce,
287117225d13,9ea556b5dc3d
fd37253a17ce,
fadd7eacb798,2408a6d82202
f206c273aef4,86ad8a83a303
303cb04546b9,
0c8e29fd23c6,
4dfe11003770,
ab9b153424fb,89b8b7f11005
72ecf1677cf3,
7ecddbbedfd7,b489d07d3ad1
06d3db8d46d5,f24823bd22db
34ae4aa8e833,3283daae62eb
550c2ffaee7f,
b0117b19bcb8,ca1797803a47
629c2afcc8be,ba81edd92a6b
dcd5bfafa9da,75220643a584
6bcd5ce99792,238b05a89afb
9b4e164498ef,7bf7e1cedcb5
3cf88d2d6f21,d95874d79e5f
6257a4bba73a,
7cb882be7303,
4c85923afa77,b33422dc5db0
2387eaf8486d,d46b414f1e59
8cb6d1e25733,
d1a7ba3b2114,
2e25b5fe6ffa,
79ba6308accf,
c14565c49dd6,
0a530de6e173,d38e13f68cf1
2c2cd22140a6,
3e65260e9dfe,e9b5c5c3a179
fd350c53f198,
d4578ad630ea,5e187b23ad23
fa5a91da8faa,
5cbdb6836921,b0117b19bcb8
ffe6298772c9,8788dfeb7017
e1e89e68768f,
88bd13c40cf7,3a3c562b8c56
f96d40eb1147,b962c8a2827a
448aaa821e37,
0e614bcb431c,4d85a3d97b88
5fcd8591f774,
fa740cd75656,081fc6c92fd8
86a4bafd2256,9716108a9fb3
b184d1fd69c4,
5844f9e7b74d,
8573e78f81d1,
0ce3c8d038c3,
cf08ea5978e5,3283daae62eb
7fd238d19edd,613d2df23bb7
936db4b5f3cf,
889157e70923,700b8b4c348a
8f5242cda4d1,a5e15b437fe6
815ef6d343bc,
4d950269f34b,54dccbb618b0
9b689c99a96d,
f030bfdc7e68,0f8a0c2b8cb4
a22c3d4dbdb9,7d54ec992072
ba4f4b078210,f68ece9360e0
8078637c399f,
c32afc47f192,d6bca712b94f
2f8d8def92cd,
a237a8d93cab,
d4aac9bde86c,
e8f1018615da,79ff89ca0b3e
951f58d1ae49,46d483e16928
ba23b0604335,
d12e0ea3dbe7,21f89d12ff6c
a30b668e922b,
232a5e9fc150,801f4903d588
93e34c37137b,
21f89d12ff6c,
e8184f3f92a1,801f4903d588
30ec278927d2,
4795cd0e6c5f,
8b5a86923ec0,
5487fd53f0e3,
c8b8d9d91fc7,
80a52e7d8a15,b15948478fca
c8040fae0583,5d01f5506b33
ceef9fb1e396,
38b5e896ca55,
c68a152d2511,9261548c414c
f4c8e3902262,
6978523c3fb8,3eebc054b681
e582b6714c49,d5aba8bb2ea1
20c0f277b59b,
382b5b926c11,8788dfeb7017
076e2bac7184,
654821dc4f53,
6c6e879211c7,40ee13085c97
554227d9ba16,80051b0149c4
f34a794ae847,
2cd10b8d5f50,88ffbd57a351
e6b5a9293447,4104a8aeb4cd
58e0058f69b0,a18c5497f715
6b535a13ad73,
f945f2e5fa68,e3b5636cccfa
a9434ab9b998,
d98868d89776,
48842a132535,3b85f6fd1f6b
aec76a9eda45,
ffb810351e3c,
704fe1b77648,
0267debcc3db,4104a8aeb4cd
7d137011c400,15eabb27b930
a008ac21ebf2,79ab56d6076d
dafec8ab9b1f,
fa4a58e062da,f4655a27a8ae
046375101227,
f5cb5bf44a1a,cc27f39b2ed6
dd30de823be2,
561c92103bec,bd44089af698
28b26b021988,
ebc92919e1bf,f2e3c6f676da
4b726a715e13,7c3cc2b69cae
1e1242f4ba09,e9b5c5c3a179
57a2be517b11,
a6499cc8eb06,
973b696f7212,0f03733f6903
af521b8acd53,
4104a8aeb4cd,9ea556b5dc3d
c92a7d70c866,
5e2ad335b4b0,
723b80c51859,
88eae7c03052,
e61feccb732c,
847fd9ae7293,f26b4762852d
7a732f3e11a6,
8788dfeb7017,
a3c988f2cf24,a4704d425f8f
567c5d4de095,4c56fb9e59cf
284d82e1d1f5,
11a529bc104f,3e9aec8178ae
2b01573d927c,d450afb9e267
c7a9f338a50a,
b7b56eaaf8e0,
369e5af53a09,6a7a785160e9
668c8461a315,
4a636af5f8b8,
0f55489f1f34,d95874d79e5f
5876fd1f9ad7,9ea556b5dc3d
15eacbd0c062,9d64292b4a44
e271ffed3fa5,bb8aa84d6dcc
5ae86d0a6723,a62d72313ae2
bdf070b795d0,
2e8d0e8f9a02,3e6dd59803e6
464942947688,5a4153b3acdd
71693edddf65,56673e550a80
ca00ef4c104f,
c9af18f951e6,
a2b5b49c87c8,a092f527c56c
a0c9da77f1d1,249204c2306d
389641cd3be2,
405bfdc76091,
c27437e1038f,
58ab477d917c,
cf8d4467f0fc,dd56cc853336
284c03d82456,
250a457f99d2,8b621d5cdab2
ba81edd92a6b,2db69ed29430
0a08699c816a,293fc2644fa8
783c91fd5f73,0af57e75650d
52daf69f53f8,
fd9cfba59053,d38e13f68cf1
30beb44304b7,
76b406764d4a,
4f6e2757dda2,3e49fd0df10f
35f0b1b2e7c2,b7a1267a247e
c5c9fb98d40e,b3957a805cfb
79fe7cdad8db,
bd9bc6459ee4,74102d5397ef
de22dc2b0a81,
464458a04256,
996f7e9f040b,05bf0607cc25
8fb864ea7f07,
6b5bc9672f3a,db84266121b2
039a8edc8b50,0134e76e7738
655238a43027,
dc5be7cb0d46,
7872bdf09b5a,
31cc672e8d62,840c5cb659b3
db946565257a,a281405a0e4b
0b59956b4608,
688c700a7017,5487fd53f0e3
4f1e1a259e29,e1b243df0d6a
299939576554,
5bd67d58cae4,
3605bf4877fb,
414f4998bf1c,5c311461c628
61b512f0f46f,801f4903d588
1924c65f1eb1,4d950269f34b
827050afcae1,
f74f690c110a,
d5ca69b7a2f8,
93d228d43ca3,
5408f9a8ea50,dbccc46f0fe4
a3917c9ec8f1,9ea556b5dc3d
589deca4f6c1,
d231f36af19b,3f8dcf893179
7066e29bb075,
68c0cbff9712,801f4903d588
4a0d2b677e40,66fadcae0bfb
821c1337e1a0,
ce63cb179e8e,382b5b926c11
79ab56d6076d,dd18ab355590
ad72ed1f72ba,
96c56ffa1002,b18d2c9c779a
90c8043223bb,
3faeef123daa,356fdc14fbe6
69f753e17680,783086385f43
95ea682174df,
23d7263c8581,d77fbee8face
0012d39f387d,840c5cb659b3
1e9b23b7c5ae,
8cbadaf05885,
51976e685b28,
1789be6b2e4f,6a7a785160e9
12d2fa0c5cf8,
d8b2f8b0d768,eacf33a4886b
b0cad2f91974,332cce088b16
21019be34962,a06e8df779ad
30a2ceed18d2,
fe8b4cd19030,
260a596e4a1d,
4a15545f86ef,
d8f5640b01af,b2b9436d860e
de67a268ca9c,
2408a6d82202,
3bf0d9cdbc42,4e35da973b4b
b0cbc60f3c27,15eabb27b930
56b60af9bc45,
9a6ec2fcbade,
350843f2c3a6,11906f5a8dde
cbf81f9cc2b3,
da0d4a4a839b,f81dbaa87b11
d436a7be4eb6,
0577aea19e56,74685b82eefd
65fdaac32acd,
29dc073ace0f,963dc8b1a486
e5582e01500e,
e0bd202f5bc8,
382c0428bbe2,
7ba24587d60a,
020a448bce2f,b90800e3b0d0
0ad1c19b22e7,3f8dcf893179
506e50c5af34,
e4729bf4d8d0,a3fe046a6785
63c4e77a8279,d91305645c92
b5122de4e54d,
d38e13f68cf1,
bd44089af698,
01902625ce13,d4578ad630ea
7b6b911c63b6,
4eed412ed3bc,681134e3dd13
cdfb4da4afee,
bf74531c9a8c,7af985f2a659
9e5c5dcb6493,d231f36af19b
2196b3a6c212,
bbda0250b226,
ffd2f4810808,
9b3080df7edc,ba81edd92a6b
6aa42c85fe79,9d64292b4a44
4094ddfab797,
5bda06414b1e,a8cf4f7be905
17d50f4ce427,
b8f214249ceb,9716108a9fb3
215d3b1cdd0f,
238d6f479357,d874141f9205
4a7eebc448c1,
dc0e337d194e,
39c6a1d8d27b,4dc82a02b9cd
3a9bedc22824,
015aba19bd64,
e1b411678a61,
79eb416e5845,86ad8a83a303
15f39d26ee55,05bf0607cc25
2451e5b7b604,d4578ad630ea
29d4beeecad5,
7329af77d3b5,
b113d50d62b8,7aaf2012a1be
6fa5d3a8da8f,
e5eb773f4c1d,bb635fe2666b
269ed4dea5a9,
a39231b03ec6,deda4e140275
9647ff849d37,508211a08045
002ccb2a9d90,e1b243df0d6a
27c00f82b2ad,c3d6cd5fdf58
f613bdb8d1b4,
cb51a9080fa1,
6133a35caa11,
363be5cfd4b4,37c3b3defae8
5283aad3519f,
7d024c65e3b8,
c9230c6d2bcb,
d2762bc2174b,7daa39e34865
d20f87c01503,
cdcc2d7966e3,73c374b1ca5f
ff11c8b3947f,
d31edf1e36c9,
d02ce0c416e2,
d4d353b32862,bb7eb96efd16
7bb3447518db,5f8a14a1ef35
159152e7f0fb,96ee50f75c3c
fc04ca6cd215,015aba19bd64
594b2a31ef83,
5c311461c628,939f71b414bf
a89e22e4eebd,
7d3572dca2d6,4ef03f991db5
d82c75793847,
d53ae5666c5a,e11bf0d23290
d7b102b42eb5,f1f7d91a2d05
15aede1731eb,
ade68f5a15f6,
362f5e4e8ce5,22bd339bbd3f
beed0ae6f90c,
b7e6a14a37d7,7bf7e1cedcb5
7af985f2a659,
c5b83875beeb,ad6ecc54b21f
462623a2fca4,33cb203fdcb9
b40a919be92a,19d45df30197
4abf6f5186ae,
434308b7e789,
a2a2e91f91ab,
30974b3efb8c,8b621d5cdab2
f7860b58bf17,5408f9a8ea50
dec00f2e2d94,9edd219bcd9e
fb6bf1c6ab99,
871c088d8b4d,3c5bf3ac5b79
911f73055717,5c311461c628
b6391f16b4bf,e42e5029993e
3a43b2a72230,dbccc46f0fe4
0f091050c427,
6e0d265924ef,
b193c8acdae3,
9c10c57eb936,
50adff719a44,71693edddf65
3ccec77f06de,
19da827924d4,
f26b4762852d,
171b1b81cc20,e1b243df0d6a
3e49fd0df10f,
075072c11ffd,
bee975cf34fc,54dccbb618b0
a83c1c2ba01b,
7ddac1bb76a8,4d950269f34b
09a85dd114bf,7d54ec992072
c65de875b6c2,215d3b1cdd0f
1e23da490bef,
f54ad0ac0283,f6f7f0c9f407
ea83bf08e6a8,
aed54a458755,9181608d77b6
3404c03f2d93,9db54284e2c2
fa02eaf8539f,7bf47048d915
3fead904ae06,c9230c6d2bcb
9ee4104a17e5,
48bddb281059,
ca1797803a47,
4f199edd7d3c,d4578ad630ea
a689d079591b,
b0701a4044f7,b2c027f09522
a9d1a294b5d9,
7bf7e1cedcb5,
8c7e6f5e1654,d6d441d6dedb
1b9689383a91,3002d823dd26
1f652a8457e3,
cbceabdf1c3b,
a576940142f3,
b289f23e35fb,
b41c5058a289,b15948478fca
be6033fb915d,a1384dd26be5
f791f1f4fa99,
462363abc989,e11bf0d23290
4bc81c0873b6,
77d03588bb14,
464c04ae136f,
e651e3e1d119,a3fe046a6785
996d5c41c0c6,
fcbb4e59d3c3,b41b3149ae38
5e7b72ce8cdd,
9d4edb72e2a8,
a0d572c35136,
025683988200,f26bceb82cd5
1903f9ad9d9b,
dbccc46f0fe4,e256a6dbfda5
5b167151b27c,b962c8a2827a
447912135f50,511eeeb4e57b
67f1698eb01c,d0b1e3eb5794
692e07aba857,d5ca69b7a2f8
12ae5c36091f,
2bcfbe1117ac,
2dcc4091de9a,3faeef123daa
5c5d3f0964f6,6a7a785160e9
6b77af9a72cd,dc0e337d194e
fed747a44800,4c56fb9e59cf
ea06f95ee445,cc27f39b2ed6
a29319fe9a6e,a4704d425f8f
c8dcd18f2298,
aa4d52adaa99,5ba37cb59571
4eea04ebab39,
827012260964,c0cef31bfbe1
902a405175c5,71693edddf65
f31025205b57,ea06f95ee445
ef4c5112b063,783086385f43
331de3431a84,6d779582cdd9
ac1e86c863a0,746cdb6bcb74
a3b81f9114c2,a18c5497f715
ba533130a633,4c56fb9e59cf
f2765517e083,79ff89ca0b3e
d0a643e4b9e0,1d30d990fab6
0452f76c76cc,
d5ba3057bdb9,
3cd30e905979,1a3c2133b729
1a9af286941b,89b8b7f11005
85d2d0b38386,
fb2b8b94c711,2fddb27ecc98
24acb73f8ad1,
0fcf601a8551,b42a044b93bd
4f560ec28758,9db54284e2c2
ddf275f515bb,f206c273aef4
1f15c7a0ec7f,
0cf0374900df,8164ceeea1a2
a281405a0e4b,
7c3f1ad939c8,bb93cd42fb04
0ed2ec87d2c7,bade8d5e827b
59fefbae4ee2,4e76832e44f1
94bcf4633953,b2c027f09522
ef5e437c2e43,0153923edd56
275c75c0c295,31487dea4000
adab2c2e056e,0f03733f6903
0dd7015bddff,801f4903d588
ad1db52c9101,c9230c6d2bcb
b3f6fe1b81e5,
ad8cbff0cb4e,5bcd2373903f
a75b395fbbcc,
cf36d59bd14e,
ea1190468005,783086385f43
db496e6ff35a,
13b11e4b8e55,6bcd5ce99792
0445c1b2cbae,9181608d77b6
4cbf130f3251,bd44089af698
c74e48e8fd66,
8d7dd76f3b6f,
2d5d2396235e,d6bca712b94f
2baa43c70507,
3c5dba51c558,
aa448248280e,
11b7e95f4ba6,f26b4762852d
9f6a6a67c33f,939f71b414bf
d88f1c828605,6ec012701775
f0c08057cdd3,f68ece9360e0
c35b9fe52147,d9e604a3fd5c
20d2b5357b40,7cb882be7303
c521bf3c55bb,7e8f808cc9f4
0f9aeb71d0a2,
66fadcae0bfb,b40a919be92a
b3ee4d2e8514,
4c61844ed0ed,87623984133a
f09387624ecf,31487dea4000
ed2662f81d35,d605e76078e5
f04580444b5d,1b780eddb5e6
60f34eab3d49,bb8aa84d6dcc
1e0ef5547052,e5a4982cf9c6
2321e64d6a5f,3eebc054b681
cf5018924b02,
88f3d7e0b54b,
7028605c2fe5,
33932b79ce66,e1b243df0d6a
0308aa408905,f1f7d91a2d05
1497d653231d,
d499da8543f2,
af77521d32c6,
c268282f9d44,
52171be794b7,b40a919be92a
84399ed1240f,
02f06b95c4e1,
c9784b4b6b1d,b18d2c9c779a
fedd22dc95ab,2648c80f22b5
5806a966c68c,
81bd55cce887,
d617b9cc6f66,
19f738da8596,b18d2c9c779a
a3fe046a6785,
659b01028753,d0b1e3eb5794
71818dce3af2,e8cda0d66f39
565f148d7f85,a62d72313ae2
c145d6a684a8,40ee13085c97
d6bca712b94f,87c5f5378f10
5c6801cb87a1,
392456c47718,
443b1d1113fc,8788dfeb7017
548b2ce29130,
ce1a167e2d18,a5ba24658adc
2fe922a8cca6,7184b719e5c6
81b13b892ae8,0a3217dd85c5
a814957edc72,48bddb281059
eb04158b8831,e11bf0d23290
b1aa0f699539,
932d1640261a,
cf8a36979a86,
d73e7bac632c,8a9c66ed3f60
e66e2c063123,7cb882be7303
39681c9b1ce0,
2b840c659a2b,
d90f74fb1b32,c0cef31bfbe1
a1b970c5d538,76f186bf62de
f0e98b3b933c,7daa39e34865
8cbfeda548b8,11b7e95f4ba6
eb7607cb944c,dcb33dea0497
f1eab643a0c2,72173fa7b0ee
47f530131975,
ec17028e64a7,
1ba827d70da0,b18d2c9c779a
c7f7bdbbf362,85e3adf08d16
c991603670de,e256a6dbfda5
34e5069a086f,
19ee2c3cf3f3,e8294a6388a6
a5ba24658adc,
b96c11757c85,
00af5b2d1293,
96bc5323f169,
7f7f6c1c72a9,
a2611b986c55,81b13b892ae8
d91305645c92,
ad6ecc54b21f,a85894d5452c
d601623b895a,5283aad3519f
2c41cbde5eb6,
6c1cc4163580,d12e0ea3dbe7
785ac5c164a2,
200b2914002e,
6b271eecf279,
d8e049c3709d,8164ceeea1a2
94e0d3abcf03,
17d258296a60,15eabb27b930
cb3cf8d3ee10,4d183ea3e62e
ef48e8c85831,
e15ca67313b3,3e6dd59803e6
1869a21ca221,
7d94bf1946ed,9d9887bafb00
0860183616c7,19597b5aad9d
e860bcb953a4,0af57e75650d
06586625bd52,dd56cc853336
5110b4940ebd,
3638683db9a8,8cbfeda548b8
ed3765744381,
b194990fdae1,
8c662761b8f0,
dc98d2cb9283,
10714d4d4699,b1a6b1e4e3c7
8693fd8d253b,
f39ef1a4acc0,
688613c3bbcf,e8cda0d66f39
5dad3485e29e,b2c027f09522
cac5b695c680,
511eeeb4e57b,565f148d7f85
a4b0718c1dcc,
269334e078a0,
0783e42ab869,85e3adf08d16
12fecc2af017,
198d13ba058e,
3f07f8128681,acdabadb9405
ea9e5c9ff4c4,
0e9058abccb2,
53ffd3a3d6e9,36136e188e20
a85c6e5bd1db,
6a8fcadd4eae,db84266121b2
5bb47c1b3412,bb93cd42fb04
0bc4d7a206d9,d6aa539745dd
553d2629b3b7,b96c11757c85
b2c027f09522,7a732f3e11a6
658e54bf0165,d6b361e26ebd
b1e8c09440bc,
9261548c414c,
207bbe367216,c9230c6d2bcb
89c5b318c9dc,
4937b9063b5d,
67b6e4789d49,
ae13590e3dfc,21f89d12ff6c
d5e14d027da5,5d8416f2ce43
96b31f49cbb1,a06e8df779ad
c07a30fdf189,
25440fe7d077,
1fd5a42eff92,
0af57e75650d,a8cf4f7be905
2050048f2769,
7d106c68092f,
ce7607a971cc,
3b2d520e9db4,e8294a6388a6
dce0e2be0a67,a62d72313ae2
2afaab745ba4,3ced4d0b1911
689d12083ff0,3b85f6fd1f6b
a5431482db70,54dccbb618b0
75220643a584,
8a476a829417,458f1f0abf43
a3760c298fe0,
052226bbab0c,
508ebac6cdd6,
5945018eb01c,a5ba24658adc
9aba0f168545,7a9a8efd431a
4352ace288e2,63c4e77a8279
2661c4308dab,a3fe046a6785
1a3c2133b729,
d1fa82a59bd2,015aba19bd64
c2dff33c2602,22bd339bbd3f
569f3ab5b987,486bb6ac65b7
8164ceeea1a2,
2ed087c3a483,700e0efe9017
b489d07d3ad1,9261548c414c
f96b6481bead,
3e9aec8178ae,b90800e3b0d0
72d78bd3b0ee,d6d441d6dedb
2ab403f95bd8,5ba37cb59571
9ea556b5dc3d,
e11bf0d23290,
3fe12e555784,
bc3536d836b6,
e9fa97f2ee14,382b5b926c11
c85aca415070,d9acd155e573
8b1e3b8c121a,
71f2ce9fe992,
089421665fae,
18578baa0065,3ce915f2d7e2
013ca98a05db,
816799867811,0fcf601a8551
ef7db831b6f0,
1a3120403c30,
dcb33dea0497,
eba742cf1764,
bade8d5e827b,
09fe4cdc168c,
deda4e140275,
e134edf786db,
234b457264cf,
d6b361e26ebd,b962c8a2827a
70c2902ae710,7daa39e34865
b758588a0dcb,
20363a6f9c68,b38a3db129ce
1fb621b5cc2e,e11bf0d23290
a092f527c56c,f6f7f0c9f407
36136e188e20,
7e3d5ee4ab7f,238b05a89afb
776abf03ebb3,
70d9c9e11152,
5ca0c4209558,
599700472cd3,
0f02bac544b5,d605e76078e5
ad4a2b367008,
4ef03f991db5,4ab427ff440e
c8acffdac643,
a65e688bf30f,f26b4762852d
0bc6106a6146,
56ce4b51d9c2,
87c5421d644c,deda4e140275
b8b818cd1841,
d874141f9205,
963a8607a832,
42a259b6877a,
0ad4522df582,2cfa55a4224a
2edd915e4d32,
c225053edfe6,
ff5a22897597,
6a4989b7e01e,3faeef123daa
2f54602bdf66,4ef03f991db5
8950ddca74bd,9db54284e2c2
783086385f43,
7354ea7d1277,
249204c2306d,c0cef31bfbe1
d95874d79e5f,c2aef679789d
39feb99fffce,
8a175de1aaaf,
980402af0985,
de3ce8962738,
a74374009190,
55cee5c2fd07,
3f80038037f3,2f4dd21f69f7
2e2fbf68bea1,d4578ad630ea
96cbdaf9bf74,
296b67a3357b,
a5bab047341e,98133dae467a
8ae8904ee8da,
8e7d3f4874a6,609010214ce0
7922bad96647,
650e78e7ff26,f26bceb82cd5
4eb93ee7a997,
9d17d21c954f,bb635fe2666b
c66dceb16120,
ad5be3c9901a,5b11f50cae08
2d5972de70fc,c29d78384af9
15007168933a,cc4d5807e2ea
b6dcbd011c7e,
c5a11f5bc3d3,57a2be517b11
2172a0af7563,d6aa539745dd
6e3255a363e5,ad6ecc54b21f
1c8eaee9645a,
e3b5636cccfa,
5052171e9d2a,
122c9a56a6a2,
ae1b9f708e36,a4704d425f8f
f0df16909acf,6ec012701775
82ff1f2266cb,e8294a6388a6
788830583c37,
4fdc6e126ced,f6f7f0c9f407
ebc202693235,
3aa2e4fa4c34,
4e2d66523236,
98be5fec9c51,ea06f95ee445
df57c5936937,8cbfeda548b8
7165e367e8c0,
ca0ac6b43039,486bb6ac65b7
72540ab90f3b,
f85e06b8b8b6,
5111d30b8adb,a2475404efd6
62d60e9fa116,b489d07d3ad1
da143a4fdde1,282c64702d9c
a4704d425f8f,
f374190ab876,c2aef679789d
5ec42e0b5e60,
8fc9c863c4b2,
7cd61da76a7e,a8cf4f7be905
932c3ec80128,
9b1fc6d6f896,
18e19327837b,4dead65fdea3
3fa7f1062181,56dc89199e74
5bb0dd772e47,
b118f687c927,15eabb27b930
0ae4ac075a3f,
87623984133a,
dc41217d49e9,075072c11ffd
96405fd0ab81,f68ece9360e0
ac8936a29c50,
f57a430146ac,72173fa7b0ee
bf5ae7ed4bcd,
199c8d891fd7,7cb882be7303
4efc824fea75,
79ff89ca0b3e,d231f36af19b
aa53c19e1dbc,cfd01ca429e7
f16287f22656,448aaa821e37
4e40bfb630cf,
3b5ae2998737,a5e15b437fe6
e5d7b872ac4d,
143665eca23c,
b0416f096caf,b18d2c9c779a
bfbbeaba967d,963dc8b1a486
2eb23ca45f39,
62ada1443b17,43b7a0e55df9
b90ed4525502,2f4dd21f69f7
c29d78384af9,
e6c1164faf8b,4c56fb9e59cf
c7fee39ea215,
a9681fda481d,05bf0607cc25
4ab427ff440e,d700b46fb5d9
578799cd72a1,
b47a1c4fa5e9,
8de7ad7e8910,
6108ffd77a1f,5bb0dd772e47
35e574ed6935,7a732f3e11a6
b62edb48f454,
4236c0ad0b53,
3ccff6e311be,
e75f7454c3e1,33cb203fdcb9
33e8825ab7d5,d231f36af19b
3e7114308305,a5e15b437fe6
d9e604a3fd5c,
64d6dfabf13d,
2fddb27ecc98,
df85c7793224,
b3957a805cfb,bade8d5e827b
89d7fd75fabb,2db69ed29430
22bae10c6fc9,4dead65fdea3
7ed17aa5f643,52380be9221f
bdc14f0e2384,a319dcbf5a81
04fc6d83946b,deda4e140275
a921cb4c298e,
f05db77c199d,b41b3149ae38
417b6638ae13,a689d079591b
5f8a14a1ef35,f1f7d91a2d05
f24823bd22db,d9e604a3fd5c
b7a1267a247e,
6d7ce3d1f2f2,a319dcbf5a81
b15516acb82e,f81dbaa87b11
f22b5b914941,4dead65fdea3
5ec646f1e418,ca1797803a47
9ee3ac37fbb8,e256a6dbfda5
b4bba7399e9f,
13bc0dd0771f,
00b9d4a8df6f,74685b82eefd
4b54166ae100,
d46b7751e442,c798a44cc829
db84266121b2,3e9aec8178ae
591196cb4375,
fed40579114c,
1d30a2831e34,
5e4cb28a9983,bd44089af698
176132e75359,5283aad3519f
5d01f5506b33,5a4153b3acdd
c1b6edcb1d3a,b38a3db129ce
f366bac0a9f2,
f29a6338845a,
277946857a79,
6b6a806399c1,
43e42ca43d15,ff9ab5d2040b
e5b4a1bb0e5e,
bb93cd42fb04,
001a9a89b957,
29344e05e344,
41853001921c,
0bbf63204f3c,
dd6d6b55eed6,89b8b7f11005
0aa6fcb851f4,
716fb278c4dc,4d950269f34b
7184b719e5c6,
7daa39e34865,
4e35da973b4b,
781d5b711f87,d91305645c92
9ae77ea4e8f7,d284f545c64c
099759a582a9,
6d779582cdd9,d700b46fb5d9
eacf33a4886b,eb3537b9ad76
8e190d048622,ea06f95ee445
b36ab3fca893,e5b4a1bb0e5e
3eebc054b681,7184b719e5c6
7bf47048d915,
01a1fb1dd633,c2aef679789d
1246447161d4,
06e745fd058f,
ec955f9c39bd,
18dccea33d3c,f1d188a6e8a7
a15c15804c39,
3133839ca990,1246447161d4
2e0869c0d582,
4ba8a4d4ad6c,
f6f7f0c9f407,
07a0ca62ff8d,
ef2ae71934fb,
c0afd18a9c70,ad6ecc54b21f
76f186bf62de,
a155eb2cf13c,
0513edad2d25,
f6ae10eaf8b3,87c5f5378f10
d6cade3a722d,3fa2bdef6bf7
3ced4d0b1911,ebc92919e1bf
46b518d0a149,
226716e99d89,4d950269f34b
e7ea8d58d6dc,1d30d990fab6
96f84fe747c8,8a9c66ed3f60
231d260d6705,
8085c1558be2,db84266121b2
eedaa811fc0d,
4e8adc451c66,b15948478fca
d915567ed917,
b4f02f61aa6a,
7fc15850915e,
fc3d334c7e55,d605e76078e5
97314c8233f6,43b7a0e55df9
cc0243c55640,2ed087c3a483
07d924c2efad,
a62d72313ae2,f68ece9360e0
aacad116b955,7af985f2a659
d883e3e111b7,cab6311474dd
df3a09912e31,
71e15b8452dc,075072c11ffd
10435a0c5003,
ecc817a3615c,
2cabd7e38484,
a561e1f57460,
3f8ea41ece52,6257a4bba73a
1127b202c8ed,
d86d65457087,38eccb55f651
98133dae467a,
ca3dd85b5758,
be3074f105af,d91305645c92
7a3a10f4d136,0153923edd56
4b87958bc2eb,e5a4982cf9c6
eb0f8279fbf8,
a50a13c2b073,
737d1fbc4ee3,f24823bd22db
999a1d9713e7,96ee50f75c3c
633299861369,5bb0dd772e47
af5b8f4cfeb5,
51a40d22264a,2444d30b2582
a1fd418db38b,
11906f5a8dde,74685b82eefd
105291d15136,
90604f7e5406,
f69777adbd8d,96ee50f75c3c
50a46c9da222,
0fc79904d60f,
1ce362e107ec,
0428736b6d50,
39820cf9cf5c,
9aad10ded24c,8ea023519237
40f7925fa1dc,ca1797803a47
f1f8342cd081,
2720796bf71a,deda4e140275
a1384dd26be5,
dd56cc853336,e256a6dbfda5
f26bceb82cd5,d91305645c92
e037e5f7079f,
810d5c5c3459,99bd625365ab
a9252740fc78,700b8b4c348a
88920422fd5d,
f704d726dbb2,963dc8b1a486
ead1847795ff,8788dfeb7017
dc08bf34d54b,
81e03a592a4a,3defa856fe50
006ed6f0a32f,2db69ed29430
af1d5a1a7f7c,
e1e0fffaf89f,8164ceeea1a2
a487eeb1d0cf,5e187b23ad23
eb3537b9ad76,f29335922a33
0e731dc47bfd,66fadcae0bfb
a319dcbf5a81,46d483e16928
01d909b18af4,f26bceb82cd5
61ea2f2e5a6a,081fc6c92fd8
46c937e73dd0,c798a44cc829
5f4faf0baeb8,
c798a44cc829,0012d39f387d
25f06b122189,
7f4d908ee981,
c42cbc33c6e9,d5ca69b7a2f8
c768b0629601,
7811681ced5b,
643ffdbb3966,f2e3c6f676da
3d211daa4320,6108ffd77a1f
022aadc7291f,a5ba24658adc
0f03733f6903,
755cee34509d,bb93cd42fb04
f71fb9af46dc,7d54ec992072
132a5e580bb6,282c64702d9c
8a4cfe172ace,
8430f0ecfca8,5d8416f2ce43
bf905d77b9cc,
2a26f7652ed5,6ec012701775
9803b233bbc0,
45aa95166a45,
f41402babe4a,
d289f0b46efe,746cdb6bcb74
9061498deb55,a18c5497f715
8c41560e44ec,7e8f808cc9f4
2179e3f8575e,
ff2336f1f674,2fddb27ecc98
4882d735b3f6,
36b8249bab37,d605e76078e5
2b0fbe58fbd2,
d11fc8c663ec,
efcac56fe0bf,ebc92919e1bf
c8a65b91d78d,b0117b19bcb8
c90b944f9264,2648c80f22b5
3e5a87ffa46b,74685b82eefd
85ece73f23cb,
7c4f48f24e03,
1cdcc4c7b6f1,f4655a27a8ae
bc5c3cc46b0e,
2a3d41936f25,9d17d21c954f
963dc8b1a486,98133dae467a
0a3217dd85c5,9181608d77b6
16419f92e550,
5beec56f5993,869bc007f904
869c3a93f790,
7c13f46b0253,869bc007f904
90422eb50f3b,
21768dc6571b,
52f653034d9e,723b80c51859
ce015402dda0,
44e2a954d9cd,
d9e92743c4dd,
0649bcef72dc,a85894d5452c
bd4f6111faf6,1a3c2133b729
aff875477835,
e9f87976d942,db84266121b2
02740f6f81ea,7374ccb3d234
3713b472aac1,8164ceeea1a2
f0bbac6c21f5,
949cd8d60158,82bbad97e638
34f43414f273,
12f70c9276f5,7daa39e34865
49599beed70e,5ae86d0a6723
3ff350bbfbc9,6c006f65df22
0200b1f55f22,b41b3149ae38
3c4b1eee4ba8,3f80038037f3
a39c9eca0768,
c3affcf1986d,
c40574319b8e,56673e550a80
6a94404d1075,
d9178783fcee,5487fd53f0e3
f7baf554fe66,48bddb281059
34f3193aa70b,
d7b00bdd90d5,
5deaa731586b,
6528196cf974,c798a44cc829
c143f4306524,
32da81f37cf1,
1bacbd0f6a66,
700e0efe9017,
e9af2992a939,9ea556b5dc3d
57b94dfd83e8,43b7a0e55df9
c2f43c1aca43,
8ce21ea32211,
8498e10edd97,2d06e8d9bb44
1933919854f2,ebc202693235
2e16f0b08852,293fc2644fa8
b33422dc5db0,
6ab1cdae37d2,417b6638ae13
222df6b46412,e5b4a1bb0e5e
cd5ae33165a2,869bc007f904
891f469c2a12,
d2da43f3bdea,0f8a0c2b8cb4
23f47a5a4c80,
2834e4c7acf9,
83e96eea7e60,e5a4982cf9c6
2edc016bf21f,
23cbe947eddd,96ee50f75c3c
1d0af7e0d448,
7374ccb3d234,
8edec4498d4e,57a2be517b11
bb7eb96efd16,7c3cc2b69cae
1947ea4104a5,1111ee21669f
550a1b59094f,dd56cc853336
265cb9c543e3,0fcf601a8551
b023a0f422e6,
5d8416f2ce43,
c2dd9018c0db,0134e76e7738
cb9faf7717df,
3c9d12895568,
77798569ab2c,
d7c524b89606,
c1156d60fe32,
9bdf037993fa,
12439b028815,565f148d7f85
ba35845ea9c4,1d30d990fab6
a25d6b3b4b0f,
b41b3149ae38,
89463e83fe93,
cc7f951646af,1a3c2133b729
6c7e9a3ca7cb,a5ba24658adc
fc40a3dc310c,
3803dce0a340,e1b243df0d6a
f6f24d18a699,681134e3dd13
13281732f0cf,e5b4a1bb0e5e
2af43ab36379,
4a27ebf48a81,
c12169d136b5,
457083fc67f8,565f148d7f85
ac8d6c6dc741,
c4dabdd1a489,da509ff4f368
706078e057bd,
4ca415fdd0f2,b41b3149ae38
50fe819b98bb,
a8c01f15c990,
451d38f3edf5,
21c50e5c3a8d,33cb203fdcb9
9e3d750eb91d,dcb33dea0497
ae59aa5494b8,9181608d77b6
f910abbf6ead,8edec4498d4e
b8d77d3d9e4c,30a2ceed18d2
8026695861fe,
3f59e4f5c55c,
9f80b972cd6c,
bf6b8cdfa48f,ca6fbfe970d6
81cf324c4dae,
f9cf8495ecbd,
60e7a1028587,
465cc2c731ea,02740f6f81ea
83f4a9b53e4a,
29890885c97d,d5ca69b7a2f8
40ee13085c97,b0117b19bcb8
10d08d0409c2,f206c273aef4
f2a9dc81d5e0,5a4153b3acdd
b5091084d53c,f1f7d91a2d05
2b54ff647a8a,
f121e135303f,eacf33a4886b
d85c16b1f36e,5e187b23ad23
e684391089c4,
cd5f48356fe1,dd56cc853336
e8e6e845bc8d,
edd97a050dda,0153923edd56
dd18ab355590,
38a56b57b856,783086385f43
3a799ee72da3,
531c881b090b,71693edddf65
0a683eb77f63,0f8a0c2b8cb4
f29545786857,
c16f9bd7abfe,508211a08045
0594b25fe8bf,
9d64292b4a44,3defa856fe50
f335cbb82b02,c521bf3c55bb
abff928b78ce,38eccb55f651
e061f651dd2b,38eccb55f651
956b8c121656,
8fe84e3b78d9,2648c80f22b5
73edb239c0e5,
ae84b8189053,979c30dfe998
d46b414f1e59,d6d441d6dedb
3c28f5c285c7,
ed0547333535,015aba19bd64
6a7a785160e9,9d9887bafb00
10df996a8cd3,
106793a86b3f,015aba19bd64
bb635fe2666b,
113eaf8805a2,
cf8ebc45aa69,dd56cc853336
332cce088b16,
4dfa21bc7bc9,8ea023519237
585a0aeaa359,
4bb00f31bdbf,
4c6e27facc9a,
c68fcbb9fafe,
8d3a5d637b8e,
27335666936a,a689d079591b
dfcaf0bb0a90,9716108a9fb3
939f44f72927,
7ba109cb2546,2444d30b2582
19a26767ee71,8788dfeb7017
4fcca38cc48b,f26b4762852d
addc3e198a61,
eb91730282f8,d231f36af19b
6c6fa60d27bf,
3f779ca48211,
01b158f107e2,5f8a14a1ef35
b962c8a2827a,
620af15d727e,3e9aec8178ae
336d7786b5f7,
dbfdd971136f,
cc27f39b2ed6,700b8b4c348a
5f4b1a95f60c,
26a524ee1289,
e048f1d13681,
3c5bf3ac5b79,d9e604a3fd5c
2837f401b6ba,9d17d21c954f
5ffa46e72f6b,3c5bf3ac5b79
bc653d976c94,a8cf4f7be905
74685b82eefd,8b621d5cdab2
568cc680ac50,
a2f963a6158f,
a5e15b437fe6,f633cc22bf52
f43ba04a8c4a,2f4dd21f69f7
14822f5b3e32,
e2280fe4c196,7184b719e5c6
293fc2644fa8,05bf0607cc25
9beab5290bb0,
ca20509898f5,
9db54284e2c2,81b13b892ae8
acdabadb9405,
d6d441d6dedb,3c5bf3ac5b79
a85894d5452c,
19dd3e8ac51b,eb3537b9ad76
22ee7f1f3a40,eb3537b9ad76
13b22ce993ad,508211a08045
a7f36af60100,7e8f808cc9f4
8c1ab2c8166e,417b6638ae13
d0421df491c8,
4e20fd1a41d5,dbccc46f0fe4
92715f7a1cca,
74fd33c4c41f,80051b0149c4
cab6311474dd,f29335922a33
9622935e9cab,cfd01ca429e7
8fc85fc365db,
dd3f487f1236,
8df50b052188,bb7eb96efd16
801ef1d14787,
40198302a330,33cb203fdcb9
1c221ce61ae7,
e86e8e789965,52380be9221f
d97dc9cd711f,a092f527c56c
87d292a96fcd,10d08d0409c2
236e161befa1,
7878614924d9,8164ceeea1a2
fcdfe9739cfd,3fa2bdef6bf7
b70b342658b7,f6f7f0c9f407
952e6ab53c4f,48bddb281059
ff46a6bac22d,52380be9221f
9e0b7b058558,
ca97ebe4ac6f,d6d441d6dedb
e62d2d1acbcb,
8a0f95044173,
12c136f1344d,ff9ab5d2040b
d700b46fb5d9,
2d36226d7d18,2648c80f22b5
4e76832e44f1,d284f545c64c
07958c144abc,b962c8a2827a
a2bc373ab108,19db3acc29fe
f7fd5641df18,
c04a96c7840b,
03ece8e6c721,b96c11757c85
ddecc41df6ac,
b20dcb60a001,
c0cef31bfbe1,
078c26cc3f51,d450afb9e267
e92a7b97446d,
44b591ea5051,
c7e53ba1879c,
c3a196344382,71693edddf65
31d4ee0b99cb,
2cfa55a4224a,53ffd3a3d6e9
d556b37560a6,2cfa55a4224a
80da2ed81385,
257d5e4830e4,3e49fd0df10f
2261ddf5bf1e,
06783c2c3016,
808e08c056c4,
85e3adf08d16,b3957a805cfb
31487dea4000,
28b2bf3bfb46,33cb203fdcb9
801f4903d588,
dc1110ca92de,
9cf2084a3165,
be848abbe2c5,
7f2984faa69d,
a79ac9aa4fdd,
524f93f35c35,
be0ec2d4b533,1a3c2133b729
562b0f63454e,b2b9436d860e
45b89cc90425,
1adba8d05ee7,
204db9c15d99,
50d3ba0d3297,
388c975477fc,ebc92919e1bf
a962d9833b3a,
809cd82a4a95,869bc007f904
49a2245e91ee,
be055797404c,4dead65fdea3
fd7fe9764fc2,d0b1e3eb5794
bef59ff19cc8,
52380be9221f,0153923edd56
a66c0fbf34ab,
ad21b4d48662,3fa2bdef6bf7
e7a37e98a22a,
b1a6b1e4e3c7,
06671ad7bac8,
7ee101018013,
fd498e2c3d6c,869bc007f904
3ff6578307fd,73c374b1ca5f
f1bdb593dc67,
d89a40c1a025,
a4461677aac1,
d2c65ef26595,
862268c28446,3e49fd0df10f
1a37f6b78d38,
d5b211a81675,
f2be02831213,31487dea4000
8acd4e01f35d,f7fd5641df18
139309d74711,d77fbee8face
1b04986ddf6c,a092f527c56c
42da8614feee,a3fe046a6785
855b6c43e895,
d284f545c64c,
6a74dbb6764c,ca6fbfe970d6
5e70f64ef4fd,d874141f9205
e0723d8132ec,b7a4c70f1dee
3f5560d79a5d,c3d6cd5fdf58
e94d4fb08a2e,
465568b124c4,
69ca97c1bc0a,
bc5fd4d746e0,
5bab7f42550a,9d9887bafb00
e80382e12c49,67b6e4789d49
d40e53c91331,37c3b3defae8
b42a044b93bd,
ae7300fec243,
cfd01ca429e7,
4d85a3d97b88,
d22e3221cc70,
b18ad67c1043,a06e8df779ad
9ea8755332cc,
48f109781396,
591cc52b1e84,d46b7751e442
c6b28df282dc,f791f1f4fa99
c0ae0b13c8f4,609010214ce0
b4146e4d1cb9,85ece73f23cb
66d0636da408,ddf275f515bb
16312fdcb0e3,afc2ccee2802
74102d5397ef,bade8d5e827b
d10bd1dd63f5,dbccc46f0fe4
33bb73836cfe,1111ee21669f
500d92ada1c0,
9e4c24c2060a,
4d2551f368fc,
6202befe6208,5a4153b3acdd
b8ba836a6158,
06ba8ccb8c76,238d6f479357
f89897b1b406,
6d15f1655527,4e76832e44f1
2d14e9e791d3,382b5b926c11
afc2ccee2802,249204c2306d
d5aba8bb2ea1,508211a08045
668b28d92793,
df8f4184cfdb,48bddb281059
07ef2badcd66,9d17d21c954f
2253e70c6ded,
d259f9772e89,d450afb9e267
c80b2ae61938,3002d823dd26
8c99a8843142,c1a6422ff3a7
73b911c58666,
2444d30b2582,f633cc22bf52
55b145edc79b,
af449608b31e,63c4e77a8279
a3404f059227,e42e5029993e
aadf36831830,
3012f80a42b6,
a976dc4375aa,417b6638ae13
e42e5029993e,d874141f9205
4739cc763b03,
a91883ea3a0b,
49fc2cd68e8c,57a2be517b11
f26d3dc2b95b,700b8b4c348a
3283daae62eb,
53c9fe42c3ab,3e9aec8178ae
2c9b66287de4,3ce915f2d7e2
f64ab6f7ba2a,b96c11757c85
d6aa539745dd,5bcd2373903f
7f5f61b880e4,5bb0dd772e47
19d45df30197,
bb44bad26f7e,66fadcae0bfb
15eabb27b930,
fb25664bf217,
baa4b701bbc5,6c6fa60d27bf
43f59a813967,2db69ed29430
22d90da99d2a,
cd1f75b2564d,
fce68511e2b7,c521bf3c55bb
5a4153b3acdd,4e76832e44f1
90fa6b5508f7,d4578ad630ea
c68813e90ed2,7a9a8efd431a
9e8fc9629f9b,acdabadb9405
d21c82f4dd56,b489d07d3ad1
dc322c95a471,2408a6d82202
638abde02474,3283daae62eb
5da64a2c8f58,
da509ff4f368,3ce915f2d7e2
dc57546a0b8e,b33422dc5db0
0f8a0c2b8cb4,356fdc14fbe6
1e63927f61a7,
1991103710eb,
ee4c1b1f0763,79ab56d6076d
a0d4de231bf7,
0cdf74285333,22bd339bbd3f
713162759ebd,
adedda851e9c,5d01f5506b33
3abf9c7e078c,
e4f1e8f25bda,79ff89ca0b3e
0db95304daf2,
27135835fa70,
39eb039ac959,d700b46fb5d9
735444eea2eb,
436358977932,d77fbee8face
a21150f2bb4e,10d08d0409c2
3f2086d7119b,6bcd5ce99792
515f3530d009,9d9887bafb00
3ae8cc92d480,568cc680ac50
2b2bb8f2f018,
e21342b61cd5,a319dcbf5a81
17abb87123ed,
43b7a0e55df9,
569adef09c76,
a65ed3967141,
e9572bd447fe,
c0582da7ebc7,
0e2f895a9ac0,6ec012701775
d4176227ebf7,c9230c6d2bcb
458f1f0abf43,
721e8b0bf8c9,ad6ecc54b21f
b8a60400d087,
2c3d17eb5380,d450afb9e267
43e86455239e,
2a405f1ae56c,
939f71b414bf,b3957a805cfb
0153923edd56,b7a4c70f1dee
1fce01fdbdea,
f78ee9f6b324,a5ba24658adc
9cdf067b9435,94bcf4633953
8b20ce3c9b88,67b6e4789d49
a829907dc8c5,
a18c5497f715,
58f0dd36b48e,d874141f9205
48fa4e80e0df,963dc8b1a486
56673e550a80,5ba37cb59571
c2aef679789d,bade8d5e827b
e8f2c5939f77,63c4e77a8279
5297e1b319a4,4148bd002e3e
83bc947a65cd,
a06e8df779ad,039a8edc8b50
6ec012701775,a4704d425f8f
9716108a9fb3,b489d07d3ad1
08150152527e,
752a7d212ef8,76f186bf62de
d473453446f3,
5463add570bf,cfd01ca429e7
0f3213323e0c,
8044beb88c2a,81b13b892ae8
5e911b85f87c,4ef03f991db5
d253d96fa2c8,
7210044f93e7,
a0411615b852,
a39c3bd7564f,3ced4d0b1911
6e8d9645f190,
b3593913c89d,
74273ca01a95,
afb3e3b8d434,7a732f3e11a6
e0e3c5d7754a,700e0efe9017
daf481a2e3b5,
44f8b5375253,54dccbb618b0
d450afb9e267,7184b719e5c6
7eb6580d17a0,f6bd80d1f87a
5553b2ea461b,a281405a0e4b
8beef837a161,
5e187b23ad23,
1a38aac34d6d,d12e0ea3dbe7
12d0499cc6cb,f206c273aef4
725656e05d5a,3ced4d0b1911
b3a9dcacdf74,81b13b892ae8
7f5db16bc14e,
1eb2a7a2e4ba,
6aedfdc943b5,dcb33dea0497
85351a6e238e,0fcf601a8551
29b44cbb5281,963dc8b1a486
e7bbaeffc472,
fada98ed544c,bd44089af698
ee8d5db9eba6,
4932937c144b,
ddcbf4b44cfa,
82c56b2c6e4a,
2514c7dbc8c4,5ae86d0a6723
735d88ea81cf,7cb882be7303
a9d6290fc3e9,3f8dcf893179
ae84921c502f,
cc4d5807e2ea,
c76a8e1e1ef5,249204c2306d
c2874f128b00,c29d78384af9
59c2f15b8db5,
27cd8126e3d9,b2b9436d860e
c3a5823b6d46,3f8dcf893179
efc99081318c,88ffbd57a351
f7e8f8e93442,aa53c19e1dbc
0f9c5302ce9d,3eebc054b681
72173fa7b0ee,2fddb27ecc98
0a4c9f786b63,
b45ed1e239cb,
7aaf2012a1be,
f7c0d5ed5408,
5543fc38ee88,3e49fd0df10f
248d31fb284c,5d01f5506b33
0f5e8b46e51b,
9027e77e5908,f29335922a33
fcffe9f5dc29,
2d06e8d9bb44,c521bf3c55bb
f7fe604a3660,
382567bfea17,
ad3c2d77b38c,
99bd625365ab,d6bca712b94f
6967859c3aab,f26bceb82cd5
4eea9dae3b46,a2475404efd6
4dc82a02b9cd,
2138e2e5b768,1111ee21669f
1054b2ddfa36,
aa0217da6b58,
7a9a8efd431a,
c3fe01926c0e,
331d58a783fb,79ff89ca0b3e
9edd219bcd9e,
ce920129dc86,cf0671c1c7c4
7129cecd40fe,
4ab6820d3dee,17d30f331a01
75424654963f,ddf275f515bb
c0eb88715148,332cce088b16
ccc62fed7ee4,2ed087c3a483
aebbb9186462,
1f33243259ec,
aa1c402180db,
a35fc9dd42c6,7aaf2012a1be
b90800e3b0d0,939f71b414bf
cbc847578cff,
cdd7f47b9720,
a885a7bef300,6108ffd77a1f
081fc6c92fd8,
e821e70c1473,081fc6c92fd8
a446be7476b9,74685b82eefd
6210dee2dbcc,d12e0ea3dbe7
20ac371f6213,
7418810cc265,da509ff4f368
ac75c3535be8,
df6c0d687e33,79ff89ca0b3e
30952632226b,7c3cc2b69cae
98c3e3d1275a,cb3cf8d3ee10
5ba37cb59571,3faeef123daa
36760ce4f38c,
a43825b04d0d,dbccc46f0fe4
99d090e49119,
6f14b3f4a314,8d7dd76f3b6f
5f13fb98aa5e,79ab56d6076d
531350e07b6f,dd18ab355590
b18d2c9c779a,cab6311474dd
1ce8e1278d08,dd18ab355590
70aa5b0b3cee,249204c2306d
979c30dfe998,
d13757ec35e1,1246447161d4
dc33e1f2d532,
161237c21a9b,
700b8b4c348a,
17661795f342,79ab56d6076d
92f837c73cb1,5e187b23ad23
c26e2710872d,d2efa92d078a
a2356dd96d5a,
d30608b3f494,
c40db9a4063a,11b7e95f4ba6
593c573b9723,
8186a574b8ac,d9acd155e573
9256d70cf3e5,565f148d7f85
693016e873ce,
8ac97b1fb0ba,
801e8684d2e7,a85894d5452c
69fb2fe55aab,f68ece9360e0
ad81f8b82db0,
f280df163fd5,
8babce212724,a319dcbf5a81
7c3cc2b69cae,5bb0dd772e47
232452037ec8,
75f1c65cb052,
9269868b7c97,
96f61c1025f5,
b2b9436d860e,
889d4b74c253,7a9a8efd431a
c8ef036f3939,38eccb55f651
26c432ed36f8,
746cdb6bcb74,2408a6d82202
2f383b45f6e1,a5e15b437fe6
288b78a9f1aa,
907bfe35374b,
425a60980e8e,
1ea15b0caa76,dd18ab355590
83f82f047915,80051b0149c4
a630ad8a272f,cab6311474dd
12738a2cb4ce,2cfa55a4224a
356fdc14fbe6,
9055a3791aae,939f71b414bf
3b4206c93827,
4c56fb9e59cf,a06e8df779ad
6f81cf5a6c6a,
93f375842dd3,37c3b3defae8
ecf32048f8d0,
8ea023519237,
f7164b7228d1,f2e3c6f676da
54f90428be30,
40d92bc12bff,
c6b18d97327f,
effa201c01b4,
8a9c66ed3f60,
523ae983487b,d284f545c64c
d96e68473605,c12169d136b5
78aa16feac40,b2c027f09522
0accb237d4c8,
9cd6c85a1488,c521bf3c55bb
e2ae3f8c799e,27c00f82b2ad
5827bc18c633,
d5881c130aa1,
0de4fafa217e,
45a08530c369,85e3adf08d16
1bbc91f59842,746cdb6bcb74
a4afe7b9b785,57a2be517b11
82456fb692bb,e9b5c5c3a179
6f5b09b532bd,e5b4a1bb0e5e
4a94ae9a99dc,
6cd5e843ac3f,
a987b20f4ed0,
a4364fd8ac37,
33094d3adaf6,
2de982e72454,8085c1558be2
2648c80f22b5,
43675d4e125a,4ef03f991db5
8139244da7dc,7e8f808cc9f4
424211fd5b93,
9c2dfa8f7e67,57a2be517b11
090aaa92a821,
cd8d9f706cd8,
b523c0c49e87,c12169d136b5
6c4a37f64a7a,
1e2c2e67a263,
6839f990331a,
b7a4c70f1dee,
9cf023c90f64,
532401e57ffc,dcb33dea0497
ffe575f6f11e,
3712f2cc09c8,
5da3f9cd30c6,
dba6fdf07616,
340de04a9183,
c4dd8df3a4c8,d6b361e26ebd
f29335922a33,
8d38bbc42715,
7ab99426af38,b96c11757c85
7b44acd59b7a,cfa9026a9133
79d2901cd9f9,
c9c04b7c6105,be848abbe2c5
d1812f6b0b57,
ea45ba47a899,7a9a8efd431a
24d38753c8a8,
3fa2bdef6bf7,
6ae665897237,ef4c5112b063
cf685876beb3,2444d30b2582
f2e3c6f676da,b0416f096caf
6a66c196b97c,f6bd80d1f87a
4f76e38ec698,4d85a3d97b88
f2e6194bdef0,
3d53ec508811,63c4e77a8279
ab4220af8883,
a6b07446bef1,
4dead65fdea3,e8cda0d66f39
88ffbd57a351,52380be9221f
64575bc4205f,f7baf554fe66
59077283cbd7,
fa575cfe9598,
05bf0607cc25,
5228ed8c3434,72173fa7b0ee
5e9953c91e9d,
1754bf148a2b,4ef03f991db5
fe268e6f15d1,
bb8aa84d6dcc,1ba827d70da0
83c501cef026,
8cf29013a618,
a06109c40b90,
1ecacafe604b,
e0f3eabf87c0,04fc6d83946b
e9b5c5c3a179,
1efd76f97ab1,d9acd155e573
e23ddfbc7306,
62be401613ae,2ed087c3a483
c74cc894a52c,5a4153b3acdd
3811b500f00d,
be15ad18b8b5,
ea2c7a41d80e,
0ec7d671e1aa,cf0671c1c7c4
a8c6c2c3cf8c,
0b36e35950c4,76f186bf62de
131eb73e3199,
8a16a07c0bf7,bf5ae7ed4bcd
bb7bee043486,
68bd80d58908,
370bc06dc322,da509ff4f368
4a11be5253d9,
df9b7c006548,
5084324813a6,
cd29a36ede5b,d92c9223e22b
814ff64cb3c0,e11bf0d23290
5a057c0350b2,cfd01ca429e7
a55bc45b3f26,
6336c80d5482,
ccb685722742,
ab7a3d1cf744,
c38c1dece775,
1e6a66241e02,
ac20af043ed8,
e5a3d8ebeb08,54dccbb618b0
3fe1e8f62e7f,f2e3c6f676da
80ff29115c17,
f020e982b604,f7baf554fe66
b29769b141d8,075072c11ffd
a8cf4f7be905,723b80c51859
6497658bae35,
606e0e14977f,
129538cb7247,
50fb35bead55,
46b98991c90a,
3b85f6fd1f6b,
8a63b93dea5a,075072c11ffd
6daa2e752b2e,d9acd155e573
2bdfcb42a55d,8d7dd76f3b6f
b38a3db129ce,dd18ab355590
7010ed1fb628,
87c5f5378f10,
a41247aa4e05,
530dddbba394,17d30f331a01
b9d276ea59b5,71693edddf65
0930aef3c23a,
618192c64626,
a4244f2f60ff,
1b2bb2e94657,
1e2a03f0a1e3,ca1797803a47
3a3c562b8c56,
19597b5aad9d,e8cda0d66f39
87e5f0f00eb3,
96ee50f75c3c,afc2ccee2802
70f81dae9bcb,
d3d877a009d5,215d3b1cdd0f
b596ca67370d,6ec012701775
1f38df5f2fe9,1246447161d4
97790e9f1975,b3957a805cfb
b3e6f4dc1dcb,89b8b7f11005
4db6f4605679,
7c93f6d0dca4,4882d735b3f6
ca6caf9efd5c,7aaf2012a1be
8a14be7e8311,deda4e140275
ab45056fcfb3,e8294a6388a6
5ffd40107538,
b5ae329dfff4,4148bd002e3e
f4655a27a8ae,
54a270478111,
2b115c3772de,
1190e51d69e6,c798a44cc829
aba4fc1e6153,4dead65fdea3
980bc80245ba,f4655a27a8ae
84ef432888f9,
eef16689ec24,
1e52d771dbbb,4dc82a02b9cd
f68ece9360e0,
4d183ea3e62e,d9e604a3fd5c
72e76b51d2d2,a2475404efd6
3ce915f2d7e2,
1c11f724e413,
0be3534146e6,a8cf4f7be905
655ce5082483,
c3abb5e0344b,f1f7d91a2d05
d5b077ef70a2,e9b5c5c3a179
926bffb0ace3,
4b4f3b2e5cb1,
c566aa93fddf,29890885c97d
7e8f808cc9f4,a1384dd26be5
1111ee21669f,
d342af1ba418,
c55ffde301b9,
1a9c672690f3,d95874d79e5f
9d9887bafb00,4148bd002e3e
3f22faf7d6f3,
609010214ce0,2fddb27ecc98
53ea4904bf11,d38e13f68cf1
29330fdf7918,332cce088b16
914dcfb31443,
28e213ba0802,
d453dd341dd1,
27c8fc63618c,
80bacd7d6b9e,
f45707df9881,9181608d77b6
050dcbe18b24,417b6638ae13
1d30d990fab6,3e49fd0df10f
ac1aa55a4915,
56dc89199e74,
0aee255e2729,d450afb9e267
fe1393c8dfd5,c9230c6d2bcb
757750a49267,
afe9be8737f9,cab6311474dd
7da6778e5772,15eabb27b930
f1d188a6e8a7,356fdc14fbe6
42f5b3eb8235,7a9a8efd431a
de3b497d4e97,aa53c19e1dbc
238b05a89afb,
90e0a955d14f,
81b15dbd8d46,7aaf2012a1be
32ffe29ffade,
881af04c54a1,356fdc14fbe6
0b981ccd8eed,
018267de2af0,
dd326d927f6e,cab6311474dd
fd5166fd9ccd,
b3bc912366fd,
54eb4c81365d,31487dea4000
85a4b0cd763e,
848ac9207de1,c798a44cc829
1eb0e39e218e,acdabadb9405
bf5d2fd7821f,
2f120b90a8ce,9d9887bafb00
42b40292bcfe,be848abbe2c5
6aa56e73c78b,
df615a43375a,ebc202693235
6494dd46e61b,3002d823dd26
71710439db51,6c006f65df22
48729a5f6057,
95492a8fa47a,b42a044b93bd
c3d6cd5fdf58,
b88416c84bc0,85e3adf08d16
147f1f66bd00,
09a9d1d52e86,d5ca69b7a2f8
444ea7d8985c,
db592a0ba681,6108ffd77a1f
41843b06e6a4,d6d441d6dedb
c359810275d8,
1b780eddb5e6,
f5e72da2522d,eacf33a4886b
4d0b0d0cfe91,f0bbac6c21f5
468b22bfbcd0,40ee13085c97
3defa856fe50,
0a167e118a5a,
e256a6dbfda5,
9afd400dc431,86ad8a83a303
a990207eed72,
82425900150a,b90800e3b0d0
bf2c14a2e463,ebc202693235
869bc007f904,7184b719e5c6
261e2547b604,
8bddcee6fe4b,
cc3ebdc8446c,3e6dd59803e6
45241eb3b58d,
e8294a6388a6,
fe1a1bae6ae8,b962c8a2827a
5d3d9e4dcd30,
35145891f2c8,
b7e99acf92cf,
5e7b48796a7e,0f8a0c2b8cb4
41357e816b9d,2db69ed29430
3e6dd59803e6,
25d4a0fa4b0c,
486bb6ac65b7,
e8cda0d66f39,
687595434e2c,72e76b51d2d2
9181608d77b6,f4655a27a8ae
d2c7bfe75968,
9ea70178c992,
cd67b5d9ebc1,a3fe046a6785
0ea262219ac4,
38ab8554b991,
450f69e3457a,a2475404efd6
9b37a2331378,4dc82a02b9cd
9c7eb56c8fb8,
fbf24054ad81,6c6fa60d27bf
48223138e664,
80051b0149c4,
1ce9787c672b,d6aa539745dd
4458a896754f,
e2ec13e3c71e,85e3adf08d16
e1b243df0d6a,f29335922a33
5bd20c81f006,8b621d5cdab2
82aa5c42e5d1,
78dbcdf4ecd0,67b6e4789d49
41dc1c76fec1,
8d5809a1b8bf,
823dd1072cfc,e42e5029993e
28ce2303519e,0f03733f6903
4ccc9bcea195,
f071d860e21a,
e1887ea9937f,d12e0ea3dbe7
55ec0254f120,
4f3949bee62a,
4f2da2355086,74102d5397ef
147d7bf37d2a,015aba19bd64
022b669387bc,249204c2306d
65b90e91aa6d,
9d1b83dd653b,72173fa7b0ee
8d60592d0e42,
82221ad8fe9e,d6bca712b94f
38eccb55f651,
a18b5d1f928e,
0700748f6c4c,
33baba9a7e94,
3eae003f7c67,
a5cb3c6bc489,
83639012ff4f,86ad8a83a303
ef15ab6a208b,f4655a27a8ae
c35bec251955,
c31edbb615d1,1e9b23b7c5ae
b87b639cdd30,
21df307725b4,ab4220af8883
a5cb63a4c485,
80a2372b1cfd,7a732f3e11a6
53c93af29f61,
6a0aa7cc0169,
13a4a494a11b,
54dccbb618b0,
89b8b7f11005,31487dea4000
ff01cf8efa43,
9d317635e4a6,
8b621d5cdab2,
8df661dde5bb,
e7c225d06d62,d9e604a3fd5c
e3c7ca9aa061,356fdc14fbe6
702ba4971a93,2444d30b2582
4571295a6e91,db84266121b2
4bb1341a38ad,7c3cc2b69cae
7d54ec992072,0134e76e7738
a35055e77365,
30c36741a630,
cca9908ff2db,
a974d06d9187,
845a91b11662,2648c80f22b5
